client_id,industry,contract_type,base_value
C001,Finance,Project,3778
C002,Art,Retainer,4272
C003,Marketing,Retainer,1918
C004,Retail,Hourly,6776
C005,Art,Hourly,11976
C006,Art,Retainer,10722
C007,Finance,Retainer,7408
C008,Art,Hourly,4050
C009,Retail,Project,11679
C010,Marketing,Retainer,8060
C011,Marketing,Hourly,6051
C012,Tech,Hourly,9162
C013,Tech,Project,5683
C014,Finance,Retainer,4913
C015,Art,Retainer,7466
C016,Marketing,Project,9254
C017,Tech,Project,8997
C018,Marketing,Hourly,8080
C019,Tech,Project,2615
C020,Marketing,Hourly,3134
C021,Finance,Hourly,3410
C022,Art,Hourly,3383
C023,Tech,Retainer,881
C024,Marketing,Project,11704
C025,Finance,Retainer,7470
C026,Tech,Retainer,5575
C027,Art,Retainer,6743
C028,Retail,Retainer,9075
C029,Finance,Retainer,1407
C030,Marketing,Project,4720
C031,Art,Project,2570
C032,Retail,Hourly,8301
C033,Tech,Retainer,10324
C034,Marketing,Hourly,7189
C035,Tech,Retainer,2445
C036,Marketing,Project,3353
C037,Marketing,Project,2884
C038,Marketing,Hourly,5728
C039,Finance,Retainer,4720
C040,Tech,Project,3546
C041,Tech,Hourly,5213
C042,Tech,Hourly,1281
C043,Retail,Retainer,6676
C044,Finance,Project,7043
C045,Finance,Project,6578
C046,Art,Retainer,3469
C047,Tech,Project,7030
C048,Finance,Retainer,5602
C049,Marketing,Hourly,5589
C050,Tech,Hourly,5643
C051,Marketing,Hourly,11547
C052,Marketing,Project,5355
C053,Finance,Retainer,7673
C054,Finance,Project,1641
C055,Art,Project,11719
C056,Retail,Project,9236
C057,Marketing,Project,7560
C058,Retail,Project,11284
C059,Art,Retainer,5125
C060,Finance,Hourly,11614
C061,Art,Hourly,11424
C062,Finance,Retainer,6723
C063,Retail,Retainer,6158
C064,Tech,Hourly,6321
C065,Retail,Retainer,11395
C066,Marketing,Hourly,4775
C067,Finance,Hourly,4288
C068,Finance,Project,11257
C069,Finance,Retainer,2340
C070,Art,Hourly,3817
C071,Tech,Hourly,5587
C072,Marketing,Hourly,7776
C073,Marketing,Project,7329
C074,Finance,Hourly,9200
C075,Art,Hourly,10427
C076,Retail,Retainer,837
C077,Tech,Project,1738
C078,Art,Retainer,1455
C079,Finance,Project,6549
C080,Art,Hourly,10133
C081,Art,Project,3678
C082,Tech,Project,7028
C083,Marketing,Project,8050
C084,Retail,Retainer,2640
C085,Finance,Hourly,11998
C086,Finance,Project,9705
C087,Marketing,Project,4598
C088,Marketing,Project,8088
C089,Art,Hourly,6769
C090,Marketing,Project,9884
C091,Finance,Hourly,3276
C092,Tech,Hourly,4425
C093,Finance,Hourly,752
C094,Tech,Project,8595
C095,Tech,Project,11234
C096,Tech,Hourly,11651
C097,Art,Project,10879
C098,Tech,Hourly,5727
C099,Finance,Project,3219
C100,Marketing,Hourly,1278
